UNLOCKSCREEN,COLDDAY,DRUNKCOFFEE,feature scaling UNLOCK SCREEN,feature scaling DRUNK COFFEE
7,0,0,0.1346153846,0.0
20,1,1,0.3846153846,0.25
33,1,2,0.6346153846,0.5
46,1,3,0.8846153845999999,0.75
59,1,4,1.134615385,1.0
